Response,Feature_Name,Coef
Remission,Intercept,-11.20615276787845
Remission,age 13-19,0.022173756412290302
Remission,age 20-40,-0.025310995124978565
Remission,age 41-64,-0.026491332592130674
Remission,age 65-79,0.005521347883431729
Remission,age 80-89,-0.025448743687358364
Remission,Female,-0.056590617620611995
Remission,disease_109006,-0.013723151005899726
Remission,disease_450005,0.017480529922036372
Remission,disease_563001,-0.015899558976652385
Remission,disease_928000,-0.0006204901532067136
Remission,disease_1201005,-0.004940372056387456
Remission,disease_1207009,-0.0044909214360261485
Remission,disease_1212005,-0.003346623161972844
Remission,disease_1482004,-0.0009489797215301679
Remission,disease_1489008,0.003879068285493177
Remission,disease_1538006,0.013991710958639249
Remission,disease_1539003,-0.014005336153764644
Remission,disease_1639007,-0.005558993583669079
Remission,disease_1755008,0.01070205000708583
Remission,disease_1761006,0.023214569171549803
Remission,disease_1855002,-0.017957807098291534
Remission,disease_1961000,0.018577902862160028
Remission,disease_2043009,-0.0061269242066993015
Remission,disease_2403008,0.03769004358311892
Remission,disease_2415007,0.01981184898495058
Remission,disease_2526004,-0.010119589199748919
Remission,disease_2556008,-0.01589614430487653
Remission,disease_2615004,0.013402201586360343
Remission,disease_2630008,-0.02556341408061353
Remission,disease_2776000,-0.026291708627100417
Remission,disease_2901004,-0.0014354907575030423
Remission,disease_3135009,0.007003340641117791
Remission,disease_3199001,0.005248445282580869
Remission,disease_3218000,-0.030650649777292482
Remission,disease_3289004,0.012895697268212707
Remission,disease_3441005,0.004141708830770777
Remission,disease_3548001,0.016914297143384074
Remission,disease_3577000,0.00813738141836041
Remission,disease_3696007,0.006124914404250853
Remission,disease_3716002,0.00972840259700204
Remission,disease_3855007,-0.00618963245214244
Remission,disease_3972004,-0.018939650466449614
Remission,disease_4103001,0.011895201542186528
Remission,disease_4210003,0.01458606516267069
Remission,disease_4473006,-0.007248075941551604
Remission,disease_4494009,0.030039354934041616
Remission,disease_4556007,-0.022010206127359797
Remission,disease_4557003,0.014722004606237505
Remission,disease_4598005,-0.000522702303530558
Remission,disease_4661003,-0.009277150789887556
Remission,disease_4776004,0.00801660960426124
Remission,disease_4819006,-0.00565641713669047
Remission,disease_4834000,-0.013025148374848874
Remission,disease_5285008,0.004697452479199165
Remission,disease_5291005,0.00488413514838139
Remission,disease_5313005,0.009417641573848654
Remission,disease_5318001,-0.02697918573129301
Remission,disease_5368009,-0.008732515580563831
Remission,disease_5370000,-0.01402631026134432
Remission,disease_5602001,0.013494777209384863
Remission,disease_5662003,-0.005433656431902479
Remission,disease_5689008,0.013470193361105803
Remission,disease_5888003,-0.029854271166105076
Remission,disease_6020002,-0.0066486649094688035
Remission,disease_6118003,0.0015733912817519112
Remission,disease_6141006,0.0028632869354312087
Remission,disease_6142004,0.010689771865481642
Remission,disease_6185008,0.002918212800463448
Remission,disease_6234006,0.0030017551190916515
Remission,disease_6288001,-0.01663094224880378
Remission,disease_6456007,-0.021133839300624027
Remission,disease_6595006,-0.025806151542406862
Remission,disease_6654000,0.00038031347546773155
Remission,disease_6655004,-0.04311299034279464
Remission,disease_6738008,0.005562859649476137
Remission,disease_6869001,0.003637296411246506
Remission,disease_6962006,-0.007094711659247424
Remission,disease_7163005,0.011813365388575452
Remission,disease_7180009,-0.0010887368214792267
Remission,disease_7339009,-0.019931506849200083
Remission,disease_7436001,0.011148975316528639
Remission,disease_7620006,-0.01062289024885188
Remission,disease_7632005,-0.042135044386447114
Remission,disease_7674000,-0.0011450595850303017
Remission,disease_7724006,-0.017473390495990924
Remission,disease_7792000,-0.007215229847862346
Remission,disease_7895008,-0.024300439495836098
Remission,disease_8098009,-0.02219072422128039
Remission,disease_8186001,0.0006977261738239209
Remission,disease_8493009,-0.005394066884709407
Remission,disease_8635005,0.021506775651714032
Remission,disease_8663007,-0.035813831077881164
Remission,disease_8722008,0.005303980520758431
Remission,disease_8765009,-0.019108955705798607
Remission,disease_8801005,0.010091463507017822
Remission,disease_9009001,0.0002562658968562618
Remission,disease_9014002,0.021406573843840024
Remission,disease_9015001,-0.008747496227283278
Remission,disease_9389005,0.003076159189924854
Remission,disease_9414007,-0.018307454970652025
Remission,disease_9468002,-0.003399188032479936
Remission,disease_9651007,0.02560331056652452
Remission,disease_9713002,-0.004563224156721993
Remission,disease_9826008,-0.003295664010961039
Remission,disease_9918001,0.005387730572239844
Remission,disease_10050004,0.006030412659162203
Remission,disease_10380004,0.012284274830606314
Remission,disease_10509002,-0.01677438280081694
Remission,disease_10649000,-0.006337510251416245
Remission,disease_10743008,-0.011888615606905848
Remission,disease_11061003,-0.0032007284689279077
Remission,disease_11209007,-0.0059176907904822705
Remission,disease_11314008,0.007471075719622273
Remission,disease_11366004,-0.015365880071986353
Remission,disease_11381005,-0.01948986765655892
Remission,disease_11399002,-0.008414926912701017
Remission,disease_11422002,-0.025381416045433553
Remission,disease_11437003,0.014749676024970902
Remission,disease_11538006,-0.044597291866873265
Remission,disease_11597004,0.0017342382372891743
Remission,disease_11654001,-0.010731105567785532
Remission,disease_11687002,0.03578600563331818
Remission,disease_11806006,0.019182827519598485
Remission,disease_11851006,-0.008671036997213702
Remission,disease_11934000,0.02482903860048175
Remission,disease_11999007,0.014219201048446423
Remission,disease_12026006,-0.0017257006849966247
Remission,disease_12295008,0.0008953806591232197
Remission,disease_12337004,0.006345835677039201
Remission,disease_12729009,-0.018341181827630927
Remission,disease_12820001,-0.00942381311452852
Remission,disease_12867002,-0.0291113074519982
Remission,disease_13200003,-0.002752971203530093
Remission,disease_13213009,0.01550064538709931
Remission,disease_13370002,-0.0097746329540172
Remission,disease_13445001,0.02223978377550753
Remission,disease_13645005,-0.012605460209136301
Remission,disease_13920009,-0.007898608782566478
Remission,disease_14046000,-0.02781014731672933
Remission,disease_14140009,-0.012139802950049045
Remission,disease_14223005,0.0046762418137232436
Remission,disease_14304000,-5.990627495764686e-05
Remission,disease_14540002,-0.012092096862199985
Remission,disease_14669001,-0.020396472753305948
Remission,disease_14784000,-0.007183134093246429
Remission,disease_14817008,-0.011661811236582685
Remission,disease_14948001,-0.004863978086693631
Remission,disease_14981000,0.010459858002962364
Remission,disease_15033003,-0.01061597506343754
Remission,disease_15167005,-0.022518295326426057
Remission,disease_15188001,0.019109539813357918
Remission,disease_15230009,-0.018735931193482283
Remission,disease_15241006,0.005600994513899198
Remission,disease_15250008,-0.012021023034473522
Remission,disease_15385006,-0.0289480923603015
Remission,disease_15639000,0.0014717925749003803
Remission,disease_15771004,0.0287539525182974
Remission,disease_15802004,0.006982113976504355
Remission,disease_15805002,-0.01859468685025718
Remission,disease_16294009,0.007288537482425985
Remission,disease_16358007,-0.0027602408091002817
Remission,disease_16402000,0.020001191468600257
Remission,disease_16440002,-0.004326901637708343
Remission,disease_16607004,0.00013894476063796454
Remission,disease_16617009,-0.018668164822562644
Remission,disease_16726004,0.012414103563794809
Remission,disease_16761005,0.0017976198350300571
Remission,disease_16932000,-0.012483288910028211
Remission,disease_17206008,0.002108529400599014
Remission,disease_17222009,0.014178559699614152
Remission,disease_17226007,-0.0108009404325403
Remission,disease_17300000,-0.025193685267550083
Remission,disease_17382005,-0.03782580751474777
Remission,disease_17463000,0.020042284317525985
Remission,disease_17467004,0.004453183950278965
Remission,disease_17496003,-0.012101320890532313
Remission,disease_17741008,0.013397080495180099
Remission,disease_17790008,-0.003214697751843507
Remission,disease_17883008,-0.022860386463550323
Remission,disease_17920008,5.5035194713856025e-05
Remission,disease_18040001,-0.013376347755875746
Remission,disease_18070006,0.009130922339644276
Remission,disease_18193002,-0.02524604832724945
Remission,disease_18260003,-0.04157793951765883
Remission,disease_18347007,0.00459268268760554
Remission,disease_18773000,-0.001497905717347097
Remission,disease_18818009,-0.01199553829938117
Remission,disease_18888002,-0.002352114684073121
Remission,disease_18941000,-0.027691160404035353
Remission,disease_18973006,0.020350525317214374
Remission,disease_19034001,0.0028719069101124485
Remission,disease_19354008,0.0004378069577060175
Remission,disease_19429009,-0.016800302373431827
Remission,disease_19442009,0.0010485655733845668
Remission,disease_19494006,0.006207275055750275
Remission,disease_19527009,0.003891486723965331
Remission,disease_19569008,-0.025574476035144116
Remission,disease_19620000,0.003228930571402075
Remission,disease_19660004,0.001991140853938288
Remission,disease_19829001,-0.017864994833012383
Remission,disease_19843006,0.035892323641542864
Remission,disease_19943007,0.014726641698973173
Remission,disease_20010003,0.010072986561821689
Remission,disease_20018005,-0.007911538830066704
Remission,disease_20021007,-0.01986761537998724
Remission,disease_20059004,0.03872965676942906
Remission,disease_20376005,-0.0031832866347274117
Remission,disease_20696009,-0.02738571213617371
Remission,disease_20721001,-0.017730023174259476
Remission,disease_20734000,0.030011926892892293
Remission,disease_20824003,0.007387551258267909
Remission,disease_20917003,0.017461934894680578
Remission,disease_21117005,-0.013431534033953233
Remission,disease_21333004,0.0356799142028772
Remission,disease_21409006,0.015043114407654002
Remission,disease_21420006,0.0016856657831978692
Remission,disease_21639008,-0.011910671767238156
Remission,disease_21719001,0.011314687328034563
Remission,disease_21782001,-0.022310289683785303
Remission,disease_21794005,0.0021025735698594512
Remission,disease_21877004,-0.00042812007263535594
Remission,disease_21897009,-0.00849431749375506
Remission,disease_21983002,-0.013983198073704968
Remission,disease_22043005,0.010224180980375213
Remission,disease_22169002,0.013327891813104028
Remission,disease_22173004,0.01565960271328265
Remission,disease_22193007,-0.030710861084395392
Remission,disease_22649008,0.005557693814121093
Remission,disease_22722001,0.0027212121453885634
Remission,disease_22741003,-0.0012100847676647483
Remission,disease_22753004,0.022630543665807128
Remission,disease_22817005,-0.010105171756074909
Remission,disease_22878006,-0.006161234201984141
Remission,disease_22950006,0.01963653026329864
Remission,disease_23056005,-0.0012606366469806421
Remission,disease_23238000,0.034466130482130486
Remission,disease_23260002,0.007673553552450801
Remission,disease_23513009,-0.03283194103695811
Remission,disease_23680005,0.005480943065287417
Remission,disease_23685000,-0.018558585616408555
Remission,disease_23777003,0.04204948025946291
Remission,disease_23793007,0.0025728382234360713
Remission,disease_23900009,-0.008578628100441873
Remission,disease_23913003,0.013412275054903014
Remission,disease_23986001,-0.016039966350945775
Remission,disease_24079001,0.000870313846491254
Remission,disease_24121004,-0.01688058103337625
Remission,disease_24346005,0.0033748499593474995
Remission,disease_24366001,-0.006736331030633464
Remission,disease_24424003,-0.005752522715724196
Remission,disease_24520005,-0.013328686527501368
Remission,disease_24700007,-0.005042902261490522
Remission,disease_24782002,-0.0024580344470908
Remission,disease_24813008,-0.009273266205971359
Remission,disease_24928009,-0.014904359659925712
Remission,disease_24982008,0.0023789814035513174
Remission,disease_25093002,0.0053973342239657
Remission,disease_25114006,-0.003325499610423992
Remission,disease_25415003,-0.02574132798211377
Remission,disease_25458004,-0.004939670795950731
Remission,disease_25501002,0.012237272869272005
Remission,disease_25569003,0.0014024694472811905
Remission,disease_25702006,0.016937842739898363
Remission,disease_25817001,0.014993782289575668
Remission,disease_25899002,-0.013747056800925904
Remission,disease_25906001,-0.0142428058470228
Remission,disease_25924004,0.025846395221996474
Remission,disease_26045000,-0.0018611610550803102
Remission,disease_26158002,0.01409473343715347
Remission,disease_26416006,-0.005749552994692824
Remission,disease_26538006,-0.005915742763089223
Remission,disease_26614003,0.009149602825536347
Remission,disease_26624006,0.011955027022220694
Remission,disease_26738009,-0.009748733473142958
Remission,disease_26843008,0.03453514968206689
Remission,disease_26889001,-0.010635162381402746
Remission,disease_27059002,0.01579275384815624
Remission,disease_27075004,-0.012495289015932864
Remission,disease_27151001,0.030856100107746618
Remission,disease_27194006,-0.00033243773548825064
Remission,disease_27342004,-0.013051170434804572
Remission,disease_27619001,-0.01101930618712255
Remission,disease_27741009,-0.0019831726746268514
Remission,disease_27830001,0.01527009177904251
Remission,disease_27885002,0.021985654339974955
Remission,disease_27916005,0.013502731410131604
Remission,disease_27942005,0.005787684300877469
Remission,disease_28012007,-0.0018655603081307475
Remission,disease_28104001,0.01919291089738204
Remission,disease_28119000,0.02457694617374784
Remission,disease_28293008,0.02556712274796562
Remission,disease_28425007,0.008433147733716133
Remission,disease_28574005,-0.019897173684405984
Remission,disease_28651003,-0.025345723512340674
Remission,disease_28670008,-0.029135497810107706
Remission,disease_28783002,0.030791850971721352
Remission,disease_28944009,0.02544353275832892
Remission,disease_28998008,-0.019051504991490602
Remission,disease_29281007,-0.020542751317987135
Remission,disease_29384001,0.002302830611339798
Remission,disease_29484002,0.005669268331072958
Remission,disease_29555009,0.051412475886127795
Remission,disease_29717002,0.03943752293589651
Remission,disease_29928006,-0.007833093049422554
Remission,disease_29951006,0.027505803664641764
Remission,disease_30037006,-0.00747794641393022
Remission,disease_30093007,-0.011273442014099435
Remission,disease_30128009,-0.024516932780259015
Remission,disease_30144000,0.01904053835804618
Remission,disease_30171000,0.02592445240706134
Remission,disease_30611007,0.014080195489942228
Remission,disease_30731004,-0.013545037872511814
Remission,disease_30746006,-0.020876223035559135
Remission,disease_30800001,-0.010643962464210918
Remission,disease_30913008,0.017050118971282047
Remission,disease_30936004,-0.02536919707238245
Remission,disease_31054009,0.009024690002859881
Remission,disease_31085000,0.024570620613709394
Remission,disease_31297008,-0.014432668851290185
Remission,disease_31341008,-0.0019963086916736524
Remission,disease_31438003,-0.031314237616953566
Remission,disease_31516002,-0.0032203693069698764
Remission,disease_31541009,-0.01676796722412372
Remission,disease_31642005,0.004652254155013039
Remission,disease_31658008,0.00743434145856811
Remission,disease_31681005,0.0017993403641879907
Remission,disease_31704005,-0.006859805505389495
Remission,disease_31822004,-0.015311852993443877
Remission,disease_31848007,-0.03504277557545661
Remission,disease_31871009,0.005898681428596351
Remission,disease_31928004,0.0008485700095963307
Remission,disease_31956009,-0.032707329798595614
Remission,disease_31992008,0.00858648215055812
Remission,disease_32273002,0.0025690715627129067
Remission,disease_32307003,0.019005423596938822
Remission,disease_32398004,-0.0028785337957601535
Remission,disease_32595002,-0.013915030462002723
Remission,disease_32620007,-0.0005585433637449526
Remission,disease_32914008,-0.025018658422462772
Remission,disease_32916005,-0.004850972708378775
Remission,disease_33135002,-0.02069465003106404
Remission,disease_33167004,0.012918242325556675
Remission,disease_33262002,0.002661432718743203
Remission,disease_33308003,0.005322346658677849
Remission,disease_33339001,-0.017535298880188552
Remission,disease_33420007,0.037554614421730616
Remission,disease_33449004,0.01885987884425114
Remission,disease_33603003,0.04361823710603785
Remission,disease_33647009,0.030829204705599474
Remission,disease_33659008,0.017637563328747618
Remission,disease_33839006,-0.010354190948947248
Remission,disease_33910007,-0.007792784764436661
Remission,disease_33958003,-0.036983218292206375
Remission,disease_34000006,-0.0022917662093490205
Remission,disease_34014006,-0.007978709380909608
Remission,disease_34095006,0.006043859986673212
Remission,disease_34139004,-0.012923063304927025
Remission,disease_34150001,-0.014785859538450281
Remission,disease_34268009,-0.03587072334334188
Remission,disease_34500003,0.008609182866602533
Remission,disease_34649000,-0.025146557458655558
Remission,disease_34711008,-0.008351555653684036
Remission,disease_34713006,-0.0038663377188361135
Remission,disease_34742003,-0.003500958160613023
Remission,disease_34801009,0.01869442930343929
Remission,disease_34842007,-0.012322285895812874
Remission,disease_35240004,0.0010090799090815093
Remission,disease_35253001,0.0027667798881113146
Remission,disease_35298007,-0.015451020397957071
Remission,disease_35442005,-0.0019255531995958273
Remission,disease_35455006,0.015647229990399858
Remission,disease_35472004,-0.010854289540535723
Remission,disease_35486000,0.036298357739764336
Remission,disease_35489007,-0.029586733584169033
Remission,disease_35607004,-0.0036193452647491835
Remission,disease_35688006,0.03319333994516665
Remission,disease_35923002,0.0038228986449467765
Remission,disease_36071006,-0.008809297936964588
Remission,disease_36083008,-0.025237597159644905
Remission,disease_36118008,-0.011817016732536892
Remission,disease_36186002,-0.01821728950660385
Remission,disease_36209000,0.0016825912372930955
Remission,disease_36241006,0.004109699889825816
Remission,disease_36315003,0.013296689976520937
Remission,disease_36427004,0.009506328587657077
Remission,disease_36474008,-0.008261473976277309
Remission,disease_36656008,0.016277048369745053
Remission,disease_36689008,-0.0305606224943659
Remission,disease_36758002,-0.004726058647928143
Remission,disease_36787001,-0.02206166563208405
Remission,disease_36923009,-0.014485580645487736
Remission,disease_36924003,0.004171118618983307
Remission,disease_36948007,-0.004095644429074494
Remission,disease_37102008,-0.0033316206627345183
Remission,disease_37156001,-0.0065104211225632735
Remission,disease_37320007,-0.0023973070564143285
Remission,disease_37331004,-0.013768854788719682
Remission,disease_37344009,-0.01511881162450407
Remission,disease_37657006,-0.004028724005899534
Remission,disease_37785001,0.009211352711551282
Remission,disease_37796009,-0.017881755361641768
Remission,disease_37907001,-0.013135774084175513
Remission,disease_38101003,-0.01884390082878266
Remission,disease_38341003,-0.015923964641036546
Remission,disease_38365000,-0.0070963512502763655
Remission,disease_38540001,0.015471180352692498
Remission,disease_38822007,-0.009400711639609514
Remission,disease_38907003,-0.005322478712443927
Remission,disease_39021009,-0.005755234799573768
Remission,disease_39419009,-0.0009804358442919122
Remission,disease_39446004,0.003244069685278488
Remission,disease_39450006,-0.009479463178969746
Remission,disease_39547005,-0.0033351835924343887
Remission,disease_39579001,0.013796597284509545
Remission,disease_39621005,-0.024194799392275257
Remission,disease_39629007,0.011229317403572003
Remission,disease_39763004,0.0014655795167015243
Remission,disease_39772007,-0.0035024236033277707
Remission,disease_39839004,0.00019783486543757225
Remission,disease_39898005,-0.01895562014296135
Remission,disease_40055000,-0.021780719760384395
Remission,disease_40130009,-0.01525769221641485
Remission,disease_40178009,-0.00781896847571182
Remission,disease_40257000,-0.0036214235279333797
Remission,disease_40275004,-0.0035548743701019478
Remission,disease_40287006,-0.005347853755729487
Remission,disease_40379007,-0.012740813106360124
Remission,disease_40425004,0.017843031511145566
Remission,disease_40541001,-0.014740081005652035
Remission,disease_40609001,0.01511716703840909
Remission,disease_40720005,0.012642107329417673
Remission,disease_40733004,0.0039017279249378336
Remission,disease_40739000,-0.011753254886460117
Remission,disease_40884005,-0.00951542816792786
Remission,disease_40930008,0.011801427899217483
Remission,disease_40987004,0.035590212876189686
Remission,disease_41137001,-0.004874912519949434
Remission,disease_41188003,-0.021435089727281302
Remission,disease_41256004,-0.015606950928222929
Remission,disease_41291007,0.03492786263148963
Remission,disease_41341006,-0.0037126214615183306
Remission,disease_41446000,0.01555421223251341
Remission,disease_41546002,-0.0003161915440353676
Remission,disease_41888000,-0.04196147112534477
Remission,disease_41975002,-0.032834735763562335
Remission,disease_42188001,0.012978612703745637
Remission,disease_42251007,0.006937286826146229
Remission,disease_42265009,0.014523853079443943
Remission,disease_42343007,0.0032006935832010115
Remission,disease_42345000,0.01835340930392953
Remission,disease_42399005,-0.01721271936843835
Remission,disease_42513006,-0.0013503044341878821
Remission,disease_42636007,0.030972406165778957
Remission,disease_42643001,-0.038082332060696986
Remission,disease_42658009,-0.020681232725611603
Remission,disease_42711005,0.016992012173899767
Remission,disease_42744004,0.00227962502768286
Remission,disease_42786005,-0.02825251377980952
Remission,disease_42982001,0.01619614998455126
Remission,disease_43064006,0.002046661185288923
Remission,disease_43240000,0.02041256691310366
Remission,disease_43339004,-0.0007366562328219678
Remission,disease_43878008,-0.019520976355270565
Remission,disease_44054006,-0.001881909192237182
Remission,disease_44057004,-0.007570813638582718
Remission,disease_44165003,0.016518893525660782
Remission,disease_44186003,-0.015791653314011184
Remission,disease_44268007,0.00530461862242554
Remission,disease_44465007,0.01526232296859628
Remission,disease_44771000,-0.00047533484683951973
Remission,disease_44772007,-0.010716304280264238
Remission,disease_44795003,0.0069544181832005844
Remission,disease_44801007,0.013086473738937097
Remission,disease_44808001,0.019920247611044526
Remission,disease_45007003,-0.0014737658821746846
Remission,disease_45564002,-0.005662486380956882
Remission,disease_45600000,-0.003296733683267594
Remission,disease_45613006,0.01118220813783036
Remission,disease_45636002,0.04085139942538716
Remission,disease_45816000,-0.033282364601099
Remission,disease_45828008,-0.008347894340225037
Remission,disease_46090001,-0.011814039324756734
Remission,disease_46113002,0.00910833778062434
Remission,disease_46152009,-0.01134651234881713
Remission,disease_46177005,-0.02197808734402148
Remission,disease_46206005,-0.014019411082172174
Remission,disease_46244001,0.041356667237316284
Remission,disease_46557008,-0.006828125710794995
Remission,disease_46621007,-0.008691647016605703
Remission,disease_46627006,-0.012964235240478612
Remission,disease_46635009,0.017109454381444122
Remission,disease_46689006,-0.015716161702123446
Remission,disease_46847001,0.0037317474016338894
Remission,disease_46963008,-0.03254341372413948
Remission,disease_46975003,0.018410625618703914
Remission,disease_47126008,0.0030278441124947622
Remission,disease_47270006,0.025848986873022464
Remission,disease_47372000,-0.014045552853450492
Remission,disease_47382004,-0.01420795667703162
Remission,disease_47505003,-0.00294490217511373
Remission,disease_47639008,0.002627416116578858
Remission,disease_47803004,0.006131897238791059
Remission,disease_47812002,0.033388816352738174
Remission,disease_47903000,-0.004298595037217956
Remission,disease_48123002,-0.01508612812832859
Remission,disease_48125009,0.015554378989341543
Remission,disease_48210000,0.006902646581841075
Remission,disease_48277006,-0.0004672399685408143
Remission,disease_48475001,-0.008163652266668311
Remission,disease_48500005,-0.011226512398879297
Remission,disease_48522003,0.02793455181836846
Remission,disease_48532005,-0.017382270468820918
Remission,disease_48661000,-0.027179971762510944
Remission,disease_49049000,0.005219351883396588
Remission,disease_49220004,0.0218715051458941
Remission,disease_49346003,0.04021458231085404
Remission,disease_49388007,-0.004968218815626795
Remission,disease_49436004,-0.0010648670945503573
Remission,disease_49455004,0.02196733327009111
Remission,disease_49472006,0.005079915906888907
Remission,disease_49601007,-0.023466081263083027
Remission,disease_49698005,0.017563950345296418
Remission,disease_49765009,0.052294451850221704
Remission,disease_50043002,-0.015463232622241843
Remission,disease_50122000,0.025461405847534386
Remission,disease_50127006,0.03192213257136627
Remission,disease_50248002,-0.010280948920087253
Remission,disease_50325005,-0.021637677218585664
Remission,disease_50438001,0.011571635134453643
Remission,disease_50485007,0.0019635623776741227
Remission,disease_50563003,0.012932439691254224
Remission,disease_50582007,-0.008485835680915483
Remission,disease_50711007,-0.01243293930360549
Remission,disease_51244008,-0.008252582913748233
Remission,disease_51274000,-0.020413095124124835
Remission,disease_51292008,0.006502873835047017
Remission,disease_51387008,-0.017570275124338387
Remission,disease_51599000,-0.036124194935045165
Remission,disease_51615001,0.00899335206178627
Remission,disease_51781006,-0.003403171442240363
Remission,disease_52002008,-0.018069487346287966
Remission,disease_52011008,0.01741687965065753
Remission,disease_52089001,-0.028343105427335785
Remission,disease_52231000,-0.008603043015001241
Remission,disease_52254009,-0.0008462844117021652
Remission,disease_52441000,-0.004124323245559957
Remission,disease_52448006,0.002797823910765934
Remission,disease_52702003,-0.021987672201736766
Remission,disease_52967002,0.02814701397702113
Remission,disease_53084003,-0.00730002423716375
Remission,disease_53226007,0.0010861275888765475
Remission,disease_53286005,0.0023059002372379706
Remission,disease_53298000,-0.0035618965739667822
Remission,disease_53318002,0.005430996850234367
Remission,disease_53619000,-0.01853823287845595
Remission,disease_53627009,0.028498355654999554
Remission,disease_53726008,0.021988442089724367
Remission,disease_53741008,-0.02081653208765785
Remission,disease_53854005,0.007377805783425119
Remission,disease_53889007,0.012887823326201284
Remission,disease_53936005,0.00038090107408035156
Remission,disease_53963006,-0.0050864029910019015
Remission,disease_54048003,-0.011053478679818238
Remission,disease_54097007,0.012176352813739135
Remission,disease_54302000,-0.026275790507967807
Remission,disease_54398005,-0.020151432696758294
Remission,disease_54404000,-0.019689081127000796
Remission,disease_55146009,-0.012949689945987896
Remission,disease_55310007,0.0016417408310973993
Remission,disease_55342001,-0.03445857337579692
Remission,disease_55382008,-0.0005503100222280153
Remission,disease_55464009,-0.006412769606618416
Remission,disease_55525008,0.01395172491838408
Remission,disease_55668003,-0.0027476710764374242
Remission,disease_55735004,-0.008067304008168748
Remission,disease_55822004,-0.019345545317635153
Remission,disease_55833001,-0.011569734458148013
Remission,disease_55855009,-0.005827021453616933
Remission,disease_56038003,0.024794526722908248
Remission,disease_56097005,-0.010774806197785473
Remission,disease_56265001,0.007597074486896157
Remission,disease_56294008,0.005659141262105929
Remission,disease_56317004,-0.009025059388153638
Remission,disease_56454009,0.0016694532994371595
Remission,disease_56576003,-0.011251067692788925
Remission,disease_56627002,-0.0204211743203416
Remission,disease_56689002,-0.009913707516189408
Remission,disease_56713002,-0.037811370698791806
Remission,disease_56727007,0.015967137983396218
Remission,disease_56836000,-0.015898093019485318
Remission,disease_56882008,-0.026759786677022696
Remission,disease_57019003,-0.027883794981521316
Remission,disease_57044006,-0.045162417632402356
Remission,disease_57054005,0.004475603246324913
Remission,disease_57190000,0.0019350859479175398
Remission,disease_57194009,0.005342705075296675
Remission,disease_57406009,-0.0036238369122282847
Remission,disease_57750009,0.04341749390913722
Remission,disease_57759005,-0.013664418407974353
Remission,disease_57781000,-0.03655274592688817
Remission,disease_57993004,0.0010373985933525556
Remission,disease_58075000,0.007328331693620744
Remission,disease_58193001,-0.012319493494540567
Remission,disease_58214004,0.014384141813458907
Remission,disease_58411009,0.018350491141140245
Remission,disease_58581001,0.0117196599410084
Remission,disease_58729003,0.016809070316999578
Remission,disease_58759008,0.008086162987699735
Remission,disease_58781003,-0.03349264434017328
Remission,disease_58797008,0.008873489700226356
Remission,disease_59118001,-0.014929440371067389
Remission,disease_59276001,0.01410432722255856
Remission,disease_59282003,-0.0008420722227837223
Remission,disease_59393003,-0.006502668995562172
Remission,disease_59621000,-0.02539694175042911
Remission,disease_59639009,0.019955014374780988
Remission,disease_59913009,0.013582764875419514
Remission,disease_59927004,0.00925318878342358
Remission,disease_60046008,-0.027789270318507715
Remission,disease_60058008,0.0016708853567017432
Remission,disease_60113004,-0.02901789777875827
Remission,disease_60168000,-0.01263547729092129
Remission,disease_60189009,-0.005766096490335828
Remission,disease_60318001,-0.0055190847802283815
Remission,disease_60331006,-0.03869150511056014
Remission,disease_60342002,-0.003062464068057685
Remission,disease_60389000,0.049933597924545
Remission,disease_60423000,0.025673383695755257
Remission,disease_60442001,-0.01735684480182689
Remission,disease_60555002,-0.01477350978381516
Remission,disease_60600009,0.04358424224460464
Remission,disease_60667009,0.0007573443160740604
Remission,disease_60700002,-0.010825255890354945
Remission,disease_60853003,-0.020463852434371363
Remission,disease_60899001,0.009272278048135987
Remission,disease_60926001,-0.020578072097484554
Remission,disease_60937000,-0.00410041258532039
Remission,disease_61267008,-0.017330971796452876
Remission,disease_61296009,-0.00016151978340865413
Remission,disease_61565001,-0.010047570773323224
Remission,disease_61582004,-0.00215144911353169
Remission,disease_61599003,3.877459908650486e-05
Remission,disease_61937009,-0.002142589340441322
Remission,disease_62106007,-0.015456693192702849
Remission,disease_62394006,-0.025547387269266437
Remission,disease_62564004,-0.02012603640350024
Remission,disease_62635000,0.016849668564803865
Remission,disease_62752005,0.005749472998762141
Remission,disease_62909004,0.016796471220129915
Remission,disease_62914000,0.017106925127973023
Remission,disease_63102001,-0.0055342995164233385
Remission,disease_63305008,-0.001930937800868224
Remission,disease_63339007,-0.004418096871012505
Remission,disease_63440008,-0.0004066160113284957
Remission,disease_63467002,-0.025312915677648883
Remission,disease_63480004,0.00284944851610748
Remission,disease_63501000,0.00859109343877868
Remission,disease_63643000,-0.0003928453402158858
Remission,disease_64144002,0.00805352469161236
Remission,disease_64557000,-0.02790700617627853
Remission,disease_64576003,-0.0051159588748740685
Remission,disease_64634000,0.015868071996389472
Remission,disease_64766004,0.007951933305405966
Remission,disease_64779008,-0.005929686492805761
Remission,disease_64787009,-0.011390765650642905
Remission,disease_64859006,-0.012466690393328915
Remission,disease_64905009,-0.01992171921982691
Remission,disease_65120008,0.03386871660418433
Remission,disease_65172003,0.00249405729783248
Remission,disease_65260001,-0.009967080148952485
Remission,disease_65275009,-0.024606334226922603
Remission,disease_65323003,-0.02249749569014897
Remission,disease_65340007,0.027619683491343326
Remission,disease_65358001,-0.010784939247611796
Remission,disease_65363002,0.007316264782969643
Remission,disease_65587001,0.010439841544171739
Remission,disease_65710008,0.015499421864133911
Remission,disease_65978000,-0.005730302048373902
Remission,disease_66091009,-0.012828337667999793
Remission,disease_66189004,0.026673053379921784
Remission,disease_66344007,-0.006844041218083202
Remission,disease_66347000,0.015254880129527497
Remission,disease_66381006,-0.018363618937916035
Remission,disease_66579008,0.007474729598306788
Remission,disease_66590003,-0.01797003264248439
Remission,disease_66612000,-0.0021111321992957448
Remission,disease_66657009,-0.008510685583588548
Remission,disease_66747002,-0.007300272949766674
Remission,disease_66760008,0.01348262733599842
Remission,disease_66931009,-0.0018397790291215957
Remission,disease_66944004,-0.03021502498526475
Remission,disease_66948001,-0.00046616512222134957
Remission,disease_66999008,0.00022732399217583274
Remission,disease_67195008,0.009544955001367483
Remission,disease_67198005,-0.03275762834714852
Remission,disease_67315001,0.015306824328856942
Remission,disease_67437007,0.0013413023326523238
Remission,disease_67480003,0.016494091118333554
Remission,disease_67678004,-0.0042557178668234
Remission,disease_67696008,-0.04533943158505765
Remission,disease_67801009,-0.014990057812727577
Remission,disease_68019004,-0.004633954150711029
Remission,disease_68109007,-0.022648708325656824
Remission,disease_68225006,-0.006445569914952275
Remission,disease_68226007,-0.0019847923423439917
Remission,disease_68267002,-0.004264064175879118
Remission,disease_68272006,-0.007510805963989966
Remission,disease_68328006,0.004115273765654854
Remission,disease_68394001,0.021924089372435344
Remission,disease_68496003,0.007427536754219512
Remission,disease_68566005,-0.0064095298924560905
Remission,disease_68659002,0.003115824293525312
Remission,disease_68675004,-0.004841944827579052
Remission,disease_68815009,-0.025639124468439297
Remission,disease_68854005,-0.036650258610216396
Remission,disease_68859000,0.009045758954508563
Remission,disease_68890003,0.0088778436017714
Remission,disease_68905002,0.0008861405404189704
Remission,disease_69195002,0.0009084183294256309
Remission,disease_69231004,-0.014920609571442273
Remission,disease_69322001,0.006537037742966783
Remission,disease_69352009,-0.0016016015200472477
Remission,disease_69430001,0.01317862656617904
Remission,disease_69494008,0.022462043801061597
Remission,disease_69741000,-0.004753987417225426
Remission,disease_69787006,-0.018085408884689652
Remission,disease_69798007,-0.04033310799029384
Remission,disease_69896004,0.0003718824013681722
Remission,disease_70070008,-0.024633976449802426
Remission,disease_70076002,0.013235076541506468
Remission,disease_70142008,0.011948638084210716
Remission,disease_70153002,-0.0008320858984679433
Remission,disease_70190001,-0.02271589661172154
Remission,disease_70209001,-0.012110544483526754
Remission,disease_70218004,0.007590835150046947
Remission,disease_70241007,-0.009897219928960286
Remission,disease_70342003,0.01046666212274834
Remission,disease_70422006,0.013335637106860655
Remission,disease_70637004,0.042556182125509226
Remission,disease_70650003,-0.015322381960814379
Remission,disease_70704007,0.015189416218350613
Remission,disease_70995007,0.026680493668113515
Remission,disease_71057007,0.018744537644343553
Remission,disease_71325002,-0.015316936924742772
Remission,disease_71457002,0.008726928045147927
Remission,disease_71638002,0.0040769519179301465
Remission,disease_71833008,-0.016065620478581497
Remission,disease_71906005,0.01842039359087639
Remission,disease_71959007,-0.021754883713900733
Remission,disease_72007001,-0.007756367463146883
Remission,disease_72128008,-0.00929634287353107
Remission,disease_72129000,0.0019715335017455363
Remission,disease_72274001,-0.011053687644212095
Remission,disease_72366004,-0.01846706824702803
Remission,disease_72621003,-0.0029849741139455575
Remission,disease_72836002,0.013155367522692998
Remission,disease_72860003,-0.00909024544021367
Remission,disease_72866009,0.026879395938327673
Remission,disease_73059000,-0.0017613480051980241
Remission,disease_73211009,-0.008224599038381325
Remission,disease_73237007,0.0024864591949853017
Remission,disease_73297009,-0.013854167205168877
Remission,disease_73391008,0.009090981198405559
Remission,disease_73430006,0.002228687423866116
Remission,disease_73481001,-0.0004726809902429518
Remission,disease_73962000,-0.01724406812235534
Remission,disease_73973007,-0.009813466512155882
Remission,disease_73998008,0.009208259936496299
Remission,disease_74333002,-0.0022511743690416058
Remission,disease_74400008,0.007923148091473717
Remission,disease_74474003,0.00032877975805812454
Remission,disease_74627003,-0.0010081777811228984
Remission,disease_74728003,0.015817599119267695
Remission,disease_74732009,0.03266672398820994
Remission,disease_74814004,0.021722355391415878
Remission,disease_74883004,0.0008083626608069097
Remission,disease_75047002,-0.03679558896241813
Remission,disease_75198005,0.029820546465482486
Remission,disease_75229002,-0.019824494740807014
Remission,disease_75236001,-0.004728127597909234
Remission,disease_75375008,-0.005886039105361592
Remission,disease_75467001,7.119541695197506e-05
Remission,disease_75544000,-0.00511734739959601
Remission,disease_75547007,0.03964418570171871
Remission,disease_75570004,0.006498498758488528
Remission,disease_75803007,0.008135941174621844
Remission,disease_75860007,0.010073753406912543
Remission,disease_75934005,0.021478316835910522
Remission,disease_76069003,0.006853735343461897
Remission,disease_76092003,-0.011268087305149855
Remission,disease_76107001,0.015989488271184234
Remission,disease_76272004,0.039981813888927326
Remission,disease_76314005,-0.019069394537454796
Remission,disease_76376003,0.015055723535499681
Remission,disease_76441001,0.029709363904754094
Remission,disease_76571007,0.02759599199000201
Remission,disease_76581006,-0.011585633759841023
Remission,disease_76618002,0.02646546655606768
Remission,disease_76751001,0.0007726415319514164
Remission,disease_76783007,0.020879310029119864
Remission,disease_76865005,0.0008938360940054942
Remission,disease_76976005,-0.033450211473437214
Remission,disease_77075001,0.01733181529595142
Remission,disease_77091003,-0.0015761943031941568
Remission,disease_77182004,-0.0020830079658924958
Remission,disease_77252004,0.011161147961608615
Remission,disease_77278008,0.00010324699561099647
Remission,disease_77355000,0.02204300892139196
Remission,disease_77489003,0.04378191850469592
Remission,disease_77507001,-0.004827937721701124
Remission,disease_77547008,-0.006181496314152158
Remission,disease_77692006,-0.012128690555321786
Remission,disease_77968000,-0.011283593469617383
Remission,disease_77970009,-0.015122343937310871
Remission,disease_77971008,-0.03609188113181125
Remission,disease_77994009,-0.03348300835835992
Remission,disease_78004001,0.029992077355389286
Remission,disease_78048006,0.0009834229441822082
Remission,disease_78267003,-0.0011389013061104904
Remission,disease_78275009,-0.0027072030998424716
Remission,disease_78370002,-0.008948381843345033
Remission,disease_78381004,-0.022211152220300148
Remission,disease_78435003,0.019764196808358073
Remission,disease_78455002,0.002764680219847405
Remission,disease_78622004,-0.02283296283352728
Remission,disease_78667006,-0.011862432574580762
Remission,disease_78809005,0.0034106430485761996
Remission,disease_78875003,0.007447149767838222
Remission,disease_78946008,-0.01181101145441647
Remission,disease_78948009,-0.012155768075736975
Remission,disease_78975002,-0.0027119274075344067
Remission,disease_79280005,-0.019857028338059815
Remission,disease_79298009,-2.56553349081884e-05
Remission,disease_79586000,0.008655049084048808
Remission,disease_79604008,-0.006547722488125105
Remission,disease_79619009,0.024985960705985376
Remission,disease_79720007,0.0032353621739448844
Remission,disease_79740000,-0.003772120204644558
Remission,disease_79883001,-0.008039462957290846
Remission,disease_79962008,0.009579927903625978
Remission,disease_80113008,-0.004592149290163364
Remission,disease_80353004,-0.03181332072336539
Remission,disease_80394007,0.003350086850197522
Remission,disease_80515008,-0.006715295931396703
Remission,disease_80659006,0.009217164899153482
Remission,disease_80756009,-0.006670465803272554
Remission,disease_80967001,-0.012825266951405078
Remission,disease_81060008,0.007689087798674806
Remission,disease_81119003,0.01185377533820923
Remission,disease_81120009,-0.0014809155490747464
Remission,disease_81256000,-0.018554747596937624
Remission,disease_81308009,-0.011234811614949483
Remission,disease_81564005,-0.000932027303105735
Remission,disease_81573002,0.015922233692446528
Remission,disease_81576005,0.021695271610094206
Remission,disease_81608000,-0.006721210149796248
Remission,disease_81639003,-0.008094740493003936
Remission,disease_81817003,-0.02223171532453434
Remission,disease_81902001,-0.0008152239103726155
Remission,disease_82119001,-0.0022745070760135993
Remission,disease_82196007,-0.02682325352425274
Remission,disease_82203000,0.022447863614966458
Remission,disease_82271004,0.004897095499995019
Remission,disease_82272006,0.009583883720443005
Remission,disease_82286005,0.012638214458649938
Remission,disease_82300000,-0.0026202668789645166
Remission,disease_82525005,0.008698639198339606
Remission,disease_82562007,-0.0037245919160595093
Remission,disease_82649003,0.013962394994712359
Remission,disease_82661006,-0.014752240035498266
Remission,disease_83561009,-0.019495377535722332
Remission,disease_83898004,-0.001415269041300826
Remission,disease_83901003,0.03367621312619025
Remission,disease_84017003,-0.029102041172203347
Remission,disease_84027009,-0.006104441808510047
Remission,disease_84114007,-0.015055480879881226
Remission,disease_84466009,0.020985781825882854
Remission,disease_84494001,-0.01601326216954476
Remission,disease_84568007,-0.004889513649827495
Remission,disease_84757009,0.010709648758913446
Remission,disease_84828003,-0.00855806354762661
Remission,disease_84849002,-0.01089790972457172
Remission,disease_85005007,-0.009599530740194404
Remission,disease_85007004,-0.010299792783365043
Remission,disease_85042000,-0.02639434334915439
Remission,disease_85189001,-0.0012794887895395
Remission,disease_85216006,0.02945679689083473
Remission,disease_85232009,-0.0034472055309604835
Remission,disease_85670002,0.037052501926323186
Remission,disease_85769006,-0.02409270195510013
Remission,disease_85828009,-0.0027075292571457515
Remission,disease_85898001,-0.005456545544966876
Remission,disease_85919009,-0.01051089026306968
Remission,disease_85942002,-0.016061416579252523
Remission,disease_86041002,-0.012309038700784293
Remission,disease_86044005,0.04569828815542073
Remission,disease_86094006,0.003648240054440687
Remission,disease_86128003,-0.00930482478491498
Remission,disease_86406008,-0.01703945647604551
Remission,disease_86466006,0.004736694456338783
Remission,disease_86981007,-0.0024565212023705363
Remission,disease_87049008,-0.0034980916585251433
Remission,disease_87065009,-0.025563801275560342
Remission,disease_87132004,0.0011739625295577824
Remission,disease_87433001,0.02245515681202943
Remission,disease_87522002,-0.007500827119408464
Remission,disease_87628006,0.00393529360456925
Remission,disease_87715008,0.021606864555366482
Remission,disease_87778004,0.00882782223518236
Remission,disease_87837008,-0.01660260007992463
Remission,disease_88092000,-0.009059919915662039
Remission,disease_88223008,-0.020727852495255526
Remission,disease_88562000,0.0027158731590552175
Remission,disease_88797001,-0.014485806516046407
Remission,disease_88805009,0.014866969182602139
Remission,disease_88850006,0.018856303379920395
Remission,disease_88996004,-0.007279685488790896
Remission,disease_89021008,0.011285622035395976
Remission,disease_89105000,-0.0006004748319441788
Remission,disease_89138009,0.03264697069388531
Remission,disease_89155008,-0.005604226377307392
Remission,disease_89461002,-0.003154124156926977
Remission,disease_89719007,0.025267081855292375
Remission,disease_89736004,-0.007474133927710078
Remission,disease_89765005,-0.003301340983973363
Remission,disease_89825003,0.013996657126186456
Remission,disease_90325002,0.01797362214637609
Remission,disease_90354008,-0.009623936363645252
Remission,disease_90446007,-0.019608586126736858
Remission,disease_90458007,-0.003647860846637825
Remission,disease_90507008,-0.019249529302287374
Remission,disease_90560007,0.016114176890709316
Remission,disease_90678009,-0.0036258431797100226
Remission,disease_90708001,0.008037806359888438
Remission,disease_90739004,0.005684102964182773
Remission,disease_90860001,0.004559638433050075
Remission,disease_90968009,0.00048160628350989886
Remission,disease_90979004,0.028299714543575705
Remission,disease_91302008,-0.022369456272833165
Remission,disease_91335003,0.018322801826543153
Remission,disease_91368005,-0.011366929211973551
Remission,disease_91388009,0.036108059711876354
Remission,disease_91419009,-0.012819092896672227
Remission,disease_91514001,0.0028141161762880364
Remission,disease_91603007,0.021699626217328526
Remission,disease_91613004,0.0333123518212862
Remission,disease_91857003,0.0036943572415266642
Remission,disease_91861009,-0.012060126479396896
Remission,disease_91943004,0.012235259893947418
Remission,disease_91945006,-0.0019916435831637685
Remission,disease_91947003,-0.016947658276723482
Remission,disease_91985000,-0.0073901114061280925
Remission,disease_92040001,-0.036596249957046474
Remission,disease_92051001,0.005121573324697165
Remission,disease_92059004,0.028005540620295144
Remission,disease_92065004,0.0037422982476645566
Remission,disease_92069005,0.03535517221863816
Remission,disease_92072003,0.009846844754049589
Remission,disease_92175003,-0.02429799408370392
Remission,disease_92260003,0.007367929801182953
Remission,disease_92296004,0.005909070426522262
Remission,disease_92359006,-0.0036173037546111315
Remission,disease_92370004,-0.011359172808183044
Remission,disease_92380000,0.0006582875426808408
Remission,disease_92382008,0.016334534533805914
Remission,disease_92384009,-0.003305243712134525
Remission,disease_92411005,0.017411635771236035
Remission,disease_92448001,0.002887430646410473
Remission,disease_92564006,-0.010089902066621288
Remission,disease_92802003,0.0028361746984770456
Remission,disease_92817004,-0.02508323197819208
Remission,disease_92818009,0.004471805223040465
Remission,disease_93143009,-0.001253394221257832
Remission,disease_93163002,0.019121302335311476
Remission,disease_93197009,-0.04832894487575869
Remission,disease_93515007,-0.0368137671921568
Remission,disease_93616000,-0.003913541512634101
Remission,disease_93679002,0.02201596319583559
Remission,disease_93689003,-0.00677783033386622
Remission,disease_93723007,0.0558510742694584
Remission,disease_93725000,-0.04975674585616621
Remission,disease_93727008,0.02065139928343931
Remission,disease_93745008,-0.008413666950721498
Remission,disease_93749002,-0.0061852314677364765
Remission,disease_93761005,-0.000993183443038921
Remission,disease_93781006,-0.001192407619748957
Remission,disease_93796005,0.008615481341174716
Remission,disease_93797001,0.021756227471667763
Remission,disease_93807001,0.009694159990134097
Remission,disease_93849006,-0.007863411322477969
Remission,disease_93860002,0.0026692328758219047
Remission,disease_93874009,0.0005198497384593067
Remission,disease_93917007,0.03547811541436898
Remission,disease_93934004,-0.006298255765567973
Remission,disease_93951006,0.006239827130249371
Remission,disease_93974005,0.021620569979602412
Remission,disease_93984006,0.007546806540413958
Remission,disease_93986008,0.010348013978778263
Remission,disease_94006002,-0.004678467629512357
Remission,disease_94050001,-0.016638369542079028
Remission,disease_94057003,0.007966303049526155
Remission,disease_94068003,0.007244836392131175
Remission,disease_94098005,-0.033169452868830204
Remission,disease_94111002,-0.000500635379205095
Remission,disease_94117003,-0.0015450565575914142
Remission,disease_94143002,0.01490218681215241
Remission,disease_94222008,-0.030435215043300445
Remission,disease_94225005,-0.014652775213142101
Remission,disease_94297009,0.019831903716980483
Remission,disease_94351005,-0.033196398583392385
Remission,disease_94381002,-0.014287964124106423
Remission,disease_94391008,-0.03621672554996373
Remission,disease_94392001,0.006711213493341496
Remission,disease_94398002,0.011254172593177876
Remission,disease_94715001,-0.01665028035702657
Remission,disease_94805002,-0.02807550376587488
Remission,disease_95087004,-0.002228147428311961
Remission,disease_95279007,-0.009831814273090086
Remission,disease_95280005,0.008922782196222034
Remission,disease_95315005,-0.008211496474288798
Remission,disease_95320005,-0.01353896136826968
Remission,disease_95344007,-0.0004592263645634107
Remission,disease_95345008,-0.01900207040488698
Remission,disease_95566004,-0.016863943640721517
Remission,disease_95570007,-0.015199814472627611
Remission,disease_95820000,0.0054153647762879105
Remission,disease_95869003,-0.009257632029723477
Remission,disease_102878001,-0.00971296803463934
Remission,disease_105597003,-0.027937755304618957
Remission,disease_105606008,-0.002750952381799657
Remission,disease_105629000,0.007576043539989315
Remission,disease_105969002,-0.020360380578176993
Remission,disease_105995000,-0.02016895410247099
Remission,disease_105997008,-0.009401659803975629
Remission,disease_105999006,-0.008287309306457954
Remission,disease_106004004,0.011317444889655592
Remission,disease_106007006,-0.011293375870785691
Remission,disease_106009009,0.021964937545250533
Remission,disease_109351006,-0.007029412805508461
Remission,disease_109385007,-0.010559942475499145
Remission,disease_109747007,0.00449347535756832
Remission,disease_109841003,0.023744292831995674
Remission,disease_109842005,-0.017339584538762352
Remission,disease_109917000,0.01111919659373853
Remission,disease_109983007,0.0021359227971095335
Remission,disease_109992005,0.032340717039908866
Remission,disease_109994006,-0.02502199516758155
Remission,disease_110030002,-0.004298385959159491
Remission,disease_110359009,0.01561642223245264
Remission,disease_111222003,0.00728214463999624
Remission,disease_111224002,-0.0123573443138559
Remission,disease_111235007,0.03586463664851608
Remission,disease_111293003,-0.007598634839918999
Remission,disease_111359004,-0.004241570823160946
Remission,disease_111379007,-0.01467039180427343
Remission,disease_111447004,-0.019029961478550732
Remission,disease_111475002,-0.008068575623310877
Remission,disease_111479008,-0.0020255526205933748
Remission,disease_111541001,0.004989049141540752
Remission,disease_111550004,0.008461761575125659
Remission,disease_111551000,-0.006342259121311952
Remission,disease_111552007,-0.010901886953905562
Remission,disease_111556005,0.008562325420901016
Remission,disease_111566002,0.00022549778969070908
Remission,disease_111583006,0.010355845365010661
Remission,disease_111721009,-0.025179574852728818
Remission,disease_111746009,0.00015797240111348825
Remission,disease_111748005,0.002269189658038104
Remission,disease_111752005,0.005160936659719015
Remission,disease_111853008,0.008722557462490652
Remission,disease_111859007,-0.0010623413002485281
Remission,disease_111879004,-0.0463877577553234
Remission,disease_111891008,1.3342340810799086e-05
Remission,disease_111896003,-0.021119167764096558
Remission,disease_111904009,-0.008845763904987734
Remission,disease_116223007,0.015642097288719743
Remission,disease_116224001,-0.01343339171203458
Remission,disease_118599009,7.350689825200286e-07
Remission,disease_118600007,-0.028111399700798196
Remission,disease_118601006,0.011781309072115794
Remission,disease_118608000,-0.006837607438573848
Remission,disease_118616009,0.010946492209972418
Remission,disease_118934005,-0.0010547098669281478
Remission,disease_118937003,0.0026943389336829176
Remission,disease_118939000,-0.006673248303216683
Remission,disease_118944007,0.018078864140750574
Remission,disease_119291004,-0.01065844536021592
Remission,disease_122481008,-0.007898764266072979
Remission,disease_123526007,-0.027098052408295555
Remission,disease_123536004,0.03629822178415251
Remission,disease_123698008,-0.008964236179098677
Remission,disease_123756000,-0.02861169096781139
Remission,disease_125599006,-0.042655206125975745
Remission,disease_125602001,-0.0004676890637673844
Remission,disease_125605004,0.0023238831474051537
Remission,disease_125661005,0.011452848530771246
Remission,disease_125666000,-0.001334583215242164
Remission,disease_125667009,-0.013210385476407582
Remission,disease_126485001,0.008360043296682176
Remission,disease_126660000,0.0072134377919750746
Remission,disease_126729006,-0.025618175564494028
Remission,disease_126879004,0.009812451661916705
Remission,disease_126952004,0.017171038155649937
Remission,disease_127013003,0.03193103873091323
Remission,disease_127034005,0.005322801341210747
Remission,disease_127278005,0.0018121428279684988
Remission,disease_127279002,-0.00910030728960416
Remission,disease_127331007,-0.005314632788080114
Remission,disease_128045006,-0.0016702250173246795
Remission,disease_128049000,0.02739465570492207
Remission,disease_128060009,-0.0010220618022497591
Remission,disease_128073008,-0.03918436289427824
Remission,disease_128105004,0.0034093757011255704
Remission,disease_128139000,0.005652617648286062
Remission,disease_128188000,0.03265034241180677
Remission,disease_128192007,0.0009732937051275301
Remission,disease_128196005,0.009569462699830658
Remission,disease_128209004,0.05066676665931323
Remission,disease_128241005,-0.02578958234634974
Remission,disease_128268005,0.0002509875444409787
Remission,disease_128276007,-0.023722783778653875
Remission,disease_128302006,-0.02755289851144296
Remission,disease_128321003,0.026356330592630258
Remission,disease_128331005,-0.008845231039715597
Remission,disease_128415001,-0.026351074242982192
Remission,disease_128478005,-0.02591334140933759
Remission,disease_128487001,0.021059119167981265
Remission,disease_128598002,-0.002769197797652901
Remission,disease_128605003,0.0024227492406667765
Remission,disease_128606002,-0.03914869630507063
Remission,disease_128999004,-0.005913459377834242
Remission,disease_129103003,-0.02022306604608266
Remission,disease_129139009,-0.02110909616322026
Remission,disease_129565002,-0.01043018920524209
Remission,disease_129588001,-0.0029982960268248172
Remission,disease_134194006,0.004649679890719579
Remission,disease_154283005,-0.014380844883047845
Remission,disease_154826009,0.04507563173873798
Remission,disease_173300003,-0.001547622531941609
Remission,disease_185086009,-0.0026210153764527396
Remission,disease_186431008,0.01863311429766812
Remission,disease_186435004,-0.0024412008511280154
Remission,disease_186538004,0.011919172105698943
Remission,disease_186552002,-0.010686748294534356
Remission,disease_188019007,0.028205605651411607
Remission,disease_188151006,0.02044137182201168
Remission,disease_188189001,-0.003818448224443339
Remission,disease_188247000,-0.006690075498416659
Remission,disease_188462001,-0.011520228517943138
Remission,disease_188566001,-0.03266470176313176
Remission,disease_188732008,-0.013023659776694911
Remission,disease_188838004,0.00524576364669398
Remission,disease_188990009,-0.005027003385521309
Remission,disease_189197001,-0.020000471365121904
Remission,disease_189336000,0.0016229159445389945
Remission,disease_190236006,0.01693745678879625
Remission,disease_190237002,-0.012374742316644599
Remission,disease_190241003,-0.03457370191144428
Remission,disease_190268003,0.0018926639108323513
Remission,disease_190502001,0.006704794323314255
Remission,disease_190602008,0.01154544776805184
Remission,disease_190808009,0.02376956795022389
Remission,disease_190828008,-0.026386752987134623
Remission,disease_190855004,-0.00020351864449638408
Remission,disease_190980000,0.00010988594881555879
Remission,disease_191265009,-0.011718015679116612
Remission,disease_191476005,-0.008039232525734859
Remission,disease_191480000,0.012510648289111359
Remission,disease_191610000,-0.01642185861816202
Remission,disease_191611001,-0.003008244978422474
Remission,disease_191613003,-0.020586414837282584
Remission,disease_191616006,-0.01813520086384129
Remission,disease_191659001,-0.02481975286173205
Remission,disease_191736004,0.009200621595536602
Remission,disease_191802004,-0.018369713012850557
Remission,disease_191811004,-0.007537407592013158
Remission,disease_191813001,-0.008242530195299972
Remission,disease_191816009,0.009919285210837228
Remission,disease_191819002,0.0020919953484307267
Remission,disease_191821007,0.013310613492528755
Remission,disease_191825003,-0.008199428631187727
Remission,disease_191827006,0.006674947412696094
Remission,disease_191831000,-0.013256451124775349
Remission,disease_191833002,0.018852456471134964
Remission,disease_191839003,0.017569229175947554
Remission,disease_191845006,-0.02560102487272759
Remission,disease_191865004,-0.00488916976637463
Remission,disease_191867007,-0.01608951786832364
Remission,disease_191869005,-0.03944845118277401
Remission,disease_191871005,0.012797904330142421
Remission,disease_191919001,0.007379750181167731
Remission,disease_191920007,-4.518181709171105e-05
Remission,disease_193022009,-0.011179297563709407
Remission,disease_193030005,0.011093932818225224
Remission,disease_193093009,0.019251287142320384
Remission,disease_193225000,0.02328909300794889
Remission,disease_193341001,0.0084531115728654
Remission,disease_193462001,-0.013645565615053418
Remission,disease_193497004,-0.02344738006495819
Remission,disease_193531003,0.002492275998455816
Remission,disease_193533000,-0.008415603204205572
Remission,disease_193570009,-0.01608066989383136
Remission,disease_193589009,-0.012604293157496496
Remission,disease_193731001,0.001276176757214272
Remission,disease_193776001,-0.01894770964993567
Remission,disease_193795008,0.018426392695823312
Remission,disease_193982009,0.026859597959470193
Remission,disease_194240006,0.0048401569159730925
Remission,disease_194424005,-0.0051804155141746445
Remission,disease_194429000,0.017183298824972115
Remission,disease_194437008,0.02029044657746001
Remission,disease_194732001,0.005885066286206513
Remission,disease_194733006,5.691666067875562e-05
Remission,disease_194779001,-0.03525848056184315
Remission,disease_194828000,-0.02458519285129384
Remission,disease_194849004,-0.01613436107577019
Remission,disease_194970009,-0.00733620367610117
Remission,disease_194983005,-0.011804175656323341
Remission,disease_194989009,0.03624977213431529
Remission,disease_194990000,-0.01658131316200731
Remission,disease_195029002,0.002117788383531849
Remission,disease_195176009,0.006263073047364157
Remission,disease_195189003,0.013450608139710428
Remission,disease_195190007,-0.0409524720201865
Remission,disease_195239002,0.030483061444224066
Remission,disease_195295006,0.0010268606322604169
Remission,disease_195381005,-0.01850511792203303
Remission,disease_195404000,-0.00112956537953151
Remission,disease_195474004,-0.01081640012188236
Remission,disease_195476002,-0.02292649387832695
Remission,disease_195951007,0.016447101228780736
Remission,disease_195967001,-0.0015261397624281713
Remission,disease_196001008,-0.00734304072135931
Remission,disease_196075003,0.012929709296520627
Remission,disease_196115007,-0.004616418189670799
Remission,disease_196341005,-0.005279690163537845
Remission,disease_196731005,0.013961880248408654
Remission,disease_196746003,0.021710897824842954
Remission,disease_197210001,0.021353015261560058
Remission,disease_197216007,-0.014167894016619225
Remission,disease_197321007,0.0013142795993005946
Remission,disease_197377009,-0.010211534224719526
Remission,disease_197456007,0.007207675281570035
Remission,disease_197464001,-0.004965713340428487
Remission,disease_197476001,-0.011409270692238422
Remission,disease_197480006,-0.010006296067711449
Remission,disease_197659005,-0.03615949745741937
Remission,disease_197707007,-0.023627849829724164
Remission,disease_197768004,0.0040069009566358746
Remission,disease_197834003,0.010351754555983033
Remission,disease_197940006,-0.006878270135547796
Remission,disease_197941005,0.0161044294689399
Remission,disease_198130006,0.006130293798350648
Remission,disease_198142001,0.0016971012332218812
Remission,disease_198179003,0.005272745500592372
Remission,disease_198199009,0.008775145126804136
Remission,disease_198219002,0.01570954965826119
Remission,disease_198268002,0.02487309535437893
Remission,disease_198316006,-0.01640119954065243
Remission,disease_198328003,-0.0036325293100018044
Remission,disease_198336007,-0.032400063383944945
Remission,disease_198377006,-0.012092574730325689
Remission,disease_198609003,0.011724327575206061
Remission,disease_198900002,-0.005647337174094615
Remission,disease_198941007,-0.027643940168335473
Remission,disease_198946002,0.020155821200825697
Remission,disease_199005000,-0.02642573362564257
Remission,disease_199063009,-0.009127116955759107
Remission,disease_199108000,0.021433201389158704
Remission,disease_199223000,0.014724191855626987
Remission,disease_199225007,-0.0004417407145485453
Remission,disease_199235001,0.0016727323764157444
Remission,disease_199244000,0.007374833840414688
Remission,disease_199246003,-0.008154548103173226
Remission,disease_199257008,-0.03557073100100992
Remission,disease_199259006,0.0199575662516834
Remission,disease_199293005,-0.016590386398103372
Remission,disease_199294004,-0.016231099142580706
Remission,disease_199296002,0.013631601522766726
Remission,disease_199297006,-0.001124249835944367
Remission,disease_199318003,0.02392001538479683
Remission,disease_199461004,-0.004300688820410378
Remission,disease_199463001,-0.01231050509999973
Remission,disease_199464007,-0.008893286728700338
Remission,disease_199484006,0.01830265825948992
Remission,disease_199534001,-0.01353583528548064
Remission,disease_199653002,0.009658088073118158
Remission,disease_199654008,-0.023881291417670848
Remission,disease_199658006,0.013702606519422249
Remission,disease_199677008,0.00805036744164686
Remission,disease_199732004,0.012839208472258478
Remission,disease_199824001,0.04615685101066689
Remission,disease_199879009,-0.025243080829087466
Remission,disease_199916005,0.00765841367887204
Remission,disease_199925004,0.017354150566071157
Remission,disease_200628009,0.018413406646771838
Remission,disease_200638004,-0.0008714169016394332
Remission,disease_200645004,-0.01437354427435359
Remission,disease_200655000,-0.007682253542128353
Remission,disease_200670004,0.0015833107447624567
Remission,disease_200681001,-0.019834681918534647
Remission,disease_200936003,0.013130420948783732
Remission,disease_201040000,0.004114935029059186
Remission,disease_201101007,0.0038389238430118753
Remission,disease_201307004,-0.012804206030971247
Remission,disease_201819000,-0.0027023655156853733
Remission,disease_201829007,-0.014135432411192719
Remission,disease_201831003,0.0036289278253029524
Remission,disease_201834006,0.011932363824729316
Remission,disease_201837004,-0.009722073038002982
Remission,disease_202110002,-0.009570356430178992
Remission,disease_202381003,-0.010579616227341812
Remission,disease_202383000,-0.00883506120878516
Remission,disease_202683005,0.024967980543114717
Remission,disease_202693003,-0.016617737554581617
Remission,disease_202708005,-0.015528241747582494
Remission,disease_202723000,0.02427129601463836
Remission,disease_202725007,-0.01352594956341558
Remission,disease_202757008,-0.03569506944847448
Remission,disease_202794004,-0.006294960774620409
Remission,disease_202843000,0.006285780358892181
Remission,disease_202855006,-0.016167015168504155
Remission,disease_202868003,-0.008749267117341933
Remission,disease_202900007,0.001157688692559713
Remission,disease_202964000,0.01124992033187256
Remission,disease_203082005,0.0008697153464742917
Remission,disease_203241002,0.024580092241046073
Remission,disease_203482000,-0.021399190742888825
Remission,disease_203601000,0.001031970655179634
Remission,disease_203638000,0.010639412513212852
Remission,disease_203681002,-0.0022931844478900837
Remission,disease_204315000,0.011058937751600263
Remission,disease_208242007,-0.012703180181922496
Remission,disease_208394006,-0.017250161965353082
Remission,disease_208430000,-0.00605483349904198
Remission,disease_209548004,0.012475897400494908
Remission,disease_209557005,0.0026988720746346662
Remission,disease_209565008,0.00835609586361004
Remission,disease_209801006,-0.0103226908580165
Remission,disease_209987007,0.012785617308847221
Remission,disease_210682000,0.011092200498153211
Remission,disease_210985000,0.01136897628828703
Remission,disease_211328000,-0.003237815409606896
Remission,disease_212399002,0.00328511332971459
Remission,disease_213137004,-0.0035423907024883143
Remission,disease_213345000,-0.010403995717854055
Remission,disease_221695002,-0.006301714077955784
Remission,disease_225562005,-0.021592527026570576
Remission,disease_227561004,0.005023859109446201
Remission,disease_230131008,-0.007560962760639901
Remission,disease_230381009,0.011505325372199632
Remission,disease_230461009,0.005190840339876735
Remission,disease_230467008,-0.019341497429226515
Remission,disease_230470007,0.012047700732880834
Remission,disease_230471006,-0.022512446105643454
Remission,disease_230477005,-0.015934357421401923
Remission,disease_231437006,0.022645328647658478
Remission,disease_231824001,-0.008048126700116533
Remission,disease_232048009,-0.004012631624136136
Remission,disease_232232001,-0.012687819798991262
Remission,disease_232340005,-0.027418566139494175
Remission,disease_233604007,-0.0045520387852911156
Remission,disease_233703007,0.007094335639761525
Remission,disease_233850007,0.006946722521432808
Remission,disease_233873004,-0.0026538450883825332
Remission,disease_233917008,0.01837475543989525
Remission,disease_233932001,0.00012286211826790863
Remission,disease_233985008,-0.04412682402239258
Remission,disease_234097001,-0.003820085041945109
Remission,disease_234184000,-0.02154159909339075
Remission,disease_234228008,0.004559485622188935
Remission,disease_234347009,0.0026563505615773736
Remission,disease_234532001,-0.006946647040613249
Remission,disease_234646005,0.020361244200147847
Remission,disease_234949000,-0.0007143988496437643
Remission,disease_234975001,0.009722553589441128
Remission,disease_235494005,0.03201075558057618
Remission,disease_235595009,-0.021911267232319766
Remission,disease_235599003,0.004831311871805238
Remission,disease_235675006,-0.017968408196101814
Remission,disease_235856003,0.0073737765474697
Remission,disease_235866006,-0.011379752541839044
Remission,disease_235875008,0.02722118419311385
Remission,disease_235919008,0.00021782829019036166
Remission,disease_236037000,-0.004544880428185518
Remission,disease_236583003,-0.019412517288353075
Remission,disease_236632007,0.0073036783145848045
Remission,disease_236646007,0.012361344230262548
Remission,disease_237055002,-0.043040668801861505
Remission,disease_237072009,0.003758383117962239
Remission,disease_237279007,0.0011023528151784339
Remission,disease_237527007,-0.0008270897684029144
Remission,disease_237558008,0.012127932816068302
Remission,disease_237602007,-0.020076518170673255
Remission,disease_237662005,0.0177009396584952
Remission,disease_238107002,-0.009508262626248208
Remission,disease_238136002,-0.014842279263506586
Remission,disease_238725004,-0.00044003627250657995
Remission,disease_238741003,-0.01837949836688653
Remission,disease_238810007,0.00850725317490652
Remission,disease_238968009,-0.020313749492685742
Remission,disease_239720000,0.008169146512026037
Remission,disease_239732001,-0.01960134926850457
Remission,disease_239791005,0.022604961265188885
Remission,disease_239792003,-0.026561899810282
Remission,disease_239862000,-0.007168684220845336
Remission,disease_239872002,-0.006410566509444226
Remission,disease_239873007,0.0013204564997319115
Remission,disease_239880009,-0.012495721297782548
Remission,disease_239887007,-0.03419092289958447
Remission,disease_239960007,-0.026397728318289026
Remission,disease_240008008,-0.010696000212110972
Remission,disease_240028007,0.013194400196449537
Remission,disease_240048000,-0.00758958716289286
Remission,disease_240134003,-0.00903588930424554
Remission,disease_240196003,-0.01709855491777029
Remission,disease_240197007,0.0006276753037425485
Remission,disease_240221008,0.02913618669682844
Remission,disease_240266004,0.008124317791746034
Remission,disease_240370009,0.005080099325095897
Remission,disease_240532009,0.003945397317968646
Remission,disease_240542006,0.011135775857970528
Remission,disease_240706001,-0.014650730990645053
Remission,disease_244938009,-0.008133934848982633
Remission,disease_248290002,0.005617484221699474
Remission,disease_251175005,-0.012798907718219732
Remission,disease_252005008,0.003642981840320746
Remission,disease_253184003,-0.01049909652208094
Remission,disease_254701007,-0.01009503072689283
Remission,disease_254830006,0.00820392837655887
Remission,disease_254902007,-0.00420993041193153
Remission,disease_255046005,0.0028502819545867795
Remission,disease_260912008,-0.00978126761723753
Remission,disease_263019000,0.021361098990597082
Remission,disease_263040004,-0.005787784041552265
Remission,disease_263043002,-0.023218372534699643
Remission,disease_263044008,0.006992681577880639
Remission,disease_263251009,-0.01871406986925046
Remission,disease_264633009,-0.013485546721426484
Remission,disease_266071000,0.0019590130888167212
Remission,disease_266096002,0.006203161409870045
Remission,disease_266237004,-0.009720646913302641
Remission,disease_266257000,-0.008142351343514567
Remission,disease_266361008,-0.010714120342141798
Remission,disease_266368002,-0.0011777091110644477
Remission,disease_266370006,-0.010291056304377991
Remission,disease_266417001,0.006683851439481021
Remission,disease_266418006,-0.008342113416156465
Remission,disease_266433003,-0.022515111155543485
Remission,disease_266435005,-0.0057158892084958135
Remission,disease_266464001,0.00795134464777219
Remission,disease_266468003,-0.009029956292750402
Remission,disease_266474003,-0.009723133731459443
Remission,disease_266480006,-0.028500333675333125
Remission,disease_266556005,0.0014786159269819074
Remission,disease_266569009,-0.014265193246747163
Remission,disease_266570005,0.036907650480339255
Remission,disease_266578003,0.007989437786132871
Remission,disease_266579006,-0.014908717493280878
Remission,disease_266599000,-0.011568763997387939
Remission,disease_266607004,0.014917159076539488
Remission,disease_266677000,0.010605687394960798
Remission,disease_267064002,-0.001956228703462708
Remission,disease_267194005,0.028093895794780162
Remission,disease_267257007,0.014579496889590239
Remission,disease_267268007,-0.00971824806220561
Remission,disease_267320004,0.014673818923230534
Remission,disease_267369002,-0.03415850788521889
Remission,disease_267374005,0.029084731641323504
Remission,disease_267431006,-0.012101007319582207
Remission,disease_267432004,-0.005930649649260405
Remission,disease_267433009,-0.029425294482754584
Remission,disease_267434003,-0.012479623332320257
Remission,disease_267446004,0.017021890129353595
Remission,disease_267447008,-0.01653299000852972
Remission,disease_267513007,-0.030628545375790423
Remission,disease_267530009,-0.0059223353269536785
Remission,disease_267532001,0.0153801058614876
Remission,disease_267534000,-0.010811324795903018
Remission,disease_267601009,-0.0020469154208236666
Remission,disease_267618008,0.022048732230099018
Remission,disease_267718000,0.002374172911181556
Remission,disease_267800008,0.0013521038911600335
Remission,disease_267802000,-0.004996327358251211
Remission,disease_267970006,0.007054274481156346
Remission,disease_267971005,-0.0021261783737971714
Remission,disease_268006001,-0.02654231377492512
Remission,disease_268017000,-0.000822293127711249
Remission,disease_268018005,0.010763536177162742
Remission,disease_268640002,0.001460357491227494
Remission,disease_268650001,0.009580952711007036
Remission,disease_268664001,0.0014833668895178741
Remission,disease_269080004,-0.0009583827648213592
Remission,disease_269191009,-0.0034719380989397886
Remission,disease_269214009,0.00725019705479415
Remission,disease_269406001,-0.022349630799844797
Remission,disease_269439003,-0.000501531183141561
Remission,disease_269476000,0.029654407133594057
Remission,disease_269485000,-0.005356512990991189
Remission,disease_269735005,0.014237811354121938
Remission,disease_270486005,-0.02691335818895285
Remission,disease_270492004,-0.028750402163191004
Remission,disease_270524007,0.004892357920834813
Remission,disease_271479005,0.021232409937846013
Remission,disease_271481007,-0.023242950226654003
Remission,disease_271558008,0.03022628024640496
Remission,disease_271737000,-0.00797130549298475
Remission,disease_271807003,-0.011449253933415155
Remission,disease_271966006,-0.018840232576460732
Remission,disease_271987001,-0.00546512823736749
Remission,disease_272588001,0.008364007591719342
Remission,disease_273491005,0.024777559705395434
Remission,disease_274088005,-0.012648941272820964
Remission,disease_274096000,-0.0077387697678005145
Remission,disease_274097009,0.02803828791943122
Remission,disease_274100004,-0.006961692541229124
Remission,disease_274146004,-0.010541223337249743
Remission,disease_274152003,0.001265405974892285
Remission,disease_274162005,-0.0076813650646002565
Remission,disease_274172008,0.024184335285469455
Remission,disease_274673004,-0.019053394657152403
Remission,disease_274741002,0.01778796344380701
Remission,disease_274744005,0.028417499602158905
Remission,disease_275471001,-0.005484463851888587
Remission,disease_275481002,-0.01345181573554324
Remission,disease_276657008,0.010137099944345258
Remission,disease_277473004,0.009980019788311744
Remission,disease_277654008,-0.00815410832258131
Remission,disease_278516003,0.0435812788571387
Remission,disease_279333002,0.005570618843694652
Remission,disease_281598004,-0.0044937958761111394
Remission,disease_281647001,-0.010243999380817036
Remission,disease_282026002,-0.005326629118041451
Remission,disease_282749008,-0.0016793309801136451
Remission,disease_282825002,-0.012618566177682889
Remission,disease_285236005,0.008537882475376467
Remission,disease_285645000,0.0017063172596882093
Remission,disease_285836003,0.010878506825430533
Remission,disease_285838002,0.016888599458149852
Remission,disease_287006005,-0.02222357414769517
Remission,disease_287007001,0.01762607971994245
Remission,disease_287091008,0.00026322270891487615
Remission,disease_287731003,-0.01659277563468875
Remission,disease_288723005,-0.01571100587372563
Remission,disease_298382003,0.012278665556125735
Remission,disease_302215000,-0.002590228486520738
Remission,disease_302226006,-0.006668706791460799
Remission,disease_302866003,-0.008769588972973797
Remission,disease_302870006,-0.0192831534589097
Remission,disease_302896008,0.011850367441595485
Remission,disease_302909007,0.0037953428007436478
Remission,disease_302914006,-0.016866226610779873
Remission,disease_302941001,0.017111901769344882
Remission,disease_303011007,0.005370179900885187
Remission,disease_307534009,0.003496771294108475
Remission,disease_307651005,0.021399842225241734
Remission,disease_307945003,-0.0010712070908634353
Remission,disease_308546005,0.030207606018109276
Remission,disease_309585006,-0.008703813976200838
Remission,disease_309775007,0.010540681663985918
Remission,disease_312342009,0.009053277625703182
Remission,disease_312682007,0.02547810645818368
Remission,disease_312903003,0.029153043739813773
Remission,disease_312904009,0.03948799378696463
Remission,disease_312912001,-0.02065432859554619
Remission,disease_313182004,-0.02679902925227003
Remission,disease_313257005,0.019196014490107226
Remission,disease_313435000,0.001958628473960817
Remission,disease_313436004,0.0034269911521899424
Remission,disease_315615007,0.012475226111603153
Remission,disease_342070009,-0.02954482210801865
Remission,disease_354737001,0.0016916601503180078
Remission,disease_359557001,0.017613231736794476
Remission,disease_359609001,-0.03751020943256545
Remission,disease_359820003,-0.011000647392502309
Remission,disease_360549009,-0.02824122806401942
Remission,disease_362965005,-0.015101511404165647
Remission,disease_362969004,0.0031094552607283583
Remission,disease_362977000,-0.01888638071185039
Remission,disease_363101005,-0.01173278454674468
Remission,disease_363132006,0.011912643249212358
Remission,disease_363176004,-0.006662344584883841
Remission,disease_363346000,-0.02436114423959295
Remission,disease_363518003,-0.004240238578458386
Remission,disease_363746003,-0.009064001821007401
Remission,disease_367423000,0.0002091007269773613
Remission,disease_367475009,-0.022899881916721824
Remission,disease_367498001,-0.019702835862421712
Remission,disease_367542003,-0.010031622764680065
Remission,disease_367649002,-0.015154975925019425
Remission,disease_370471003,-0.03205006371399223
Remission,disease_371082009,-0.007975751932353734
Remission,disease_371136004,-0.007380308382308661
Remission,disease_371160000,0.003101752672261384
Remission,disease_371409005,-0.013114987038996434
Remission,disease_371995001,-0.015640117869267837
Remission,disease_372010005,0.019640329092526533
Remission,disease_372020000,-0.008654331401869076
Remission,disease_372024009,0.02332573168899324
Remission,disease_372064008,-0.002833765170292822
Remission,disease_372087000,0.014609751348770794
Remission,disease_372110008,0.021595883587599906
Remission,disease_372135002,0.006505649098293016
Remission,disease_372139008,-0.01001335490587823
Remission,disease_372281005,-0.007312522829700149
Remission,disease_373168002,-0.011285615107034111
Remission,disease_373408007,-0.0072264824682994715
Remission,disease_373621006,0.01573423842320525
Remission,disease_386033004,-0.029501332554884633
Remission,disease_386211005,-0.011081661789522777
Remission,disease_386584007,0.0037084399793018727
Remission,disease_386762009,-0.0060883694415777845
Remission,disease_386804004,0.010518815603051221
Remission,disease_386805003,-0.025379078198978437
Remission,disease_386820009,0.018203629581416678
Remission,disease_387637008,0.04082481520057136
Remission,disease_387742006,0.011444358213960504
Remission,disease_389026000,0.007422895836461774
Remission,disease_389087006,0.005355684292107655
Remission,disease_390834004,-0.02482711313929389
Remission,disease_390951007,-0.008876478865207942
Remission,disease_396230008,-0.02887791272447758
Remission,disease_396232000,-0.013512195752938185
Remission,disease_396275006,-0.0015367498648259943
Remission,disease_396331005,-0.036662800471885616
Remission,disease_396332003,-0.007983786461112726
Remission,disease_396347007,0.004889011356133065
Remission,disease_397751001,-0.0025416791429515467
Remission,disease_397881000,0.0019360496893561954
Remission,disease_397923000,0.021892302083998855
Remission,disease_397949005,-0.019237153968370068
Remission,disease_398022005,-0.0013350827949379115
Remission,disease_398050005,-0.001013614329302463
Remission,disease_398057008,-0.005066575131441585
Remission,disease_398199007,-0.005133857415531442
Remission,disease_398254007,0.023255477119694005
Remission,disease_398838000,0.01556895835269786
Remission,disease_398909004,0.008022422658429477
Remission,disease_398993007,0.027051639933948952
Remission,disease_399020009,0.006860352341483143
Remission,disease_399107008,0.0010163582125355432
Remission,disease_399114005,0.012722899794122165
Remission,disease_399244003,0.0015548541158315135
Remission,disease_399269003,-0.019169870228185
Remission,disease_399305009,-0.0270719873827573
Remission,disease_399912005,0.013986299529568836
Remission,disease_399939002,-0.012902386447742845
Remission,disease_399986003,-0.006416574444957134
Remission,disease_400012003,-0.014386499488518351
Remission,disease_400047006,9.878557119316967e-06
Remission,disease_400096001,-0.002527670200291947
Remission,disease_400097005,0.0019086202267099464
Remission,disease_400130008,0.015105327697816846
Remission,disease_400166009,0.00503785368010438
Remission,disease_400179000,-0.005577224603700972
Remission,disease_400210000,-0.031467819590379746
Remission,disease_401303003,0.008661412158742826
Remission,disease_401314000,-0.05102460692116407
Remission,disease_402134005,0.0015094977009465457
Remission,disease_402356004,0.02521939328765825
Remission,disease_402519009,-0.01148516593238369
Remission,disease_402599005,0.02791130046880145
Remission,disease_404148006,0.019893859714531986
Remission,disease_405247003,-0.016361681637501117
Remission,disease_406506008,-0.012386083769228718
Remission,disease_406574007,-0.019745611985651328
Remission,disease_407675009,-0.008729773507737421
Remission,disease_408335007,-0.017929913287195433
Remission,disease_408666009,0.00911638201632009
Remission,disease_408670001,0.0001639465752343357
Remission,disease_409622000,-0.013566297903554653
Remission,disease_409623005,0.013076624184565242
Remission,disease_410730009,0.01392950562652099
Remission,disease_410813000,0.012489405089704576
Remission,disease_413439005,0.01588809999222464
Remission,disease_413533008,-0.012820038084301832
Remission,disease_413838009,-0.01760887999440318
Remission,disease_413876003,0.01934794436630837
Remission,disease_414027002,0.010355321923617192
Remission,disease_414029004,-0.0036574554011728115
Remission,disease_414032001,0.011881695755679742
Remission,disease_414396006,-0.00407132371048879
Remission,disease_414875008,-0.00565834970368748
Remission,disease_414916001,-0.013029486198601005
Remission,disease_415126001,-0.03978549114338191
Remission,disease_415692008,-0.0022604531159144724
Remission,disease_416053008,0.01225846506881897
Remission,disease_416189003,0.0038395425087014248
Remission,disease_416675009,0.00029636226563245694
Remission,disease_417048006,5.277601712299955e-05
Remission,disease_417089009,-0.0048206846610086285
Remission,disease_417163006,-0.0012906654988646513
Remission,disease_417357006,-0.029370789592682574
Remission,disease_417373000,-0.017186642783954736
Remission,disease_417941003,-0.03479993934807418
Remission,disease_417996009,-0.012753338722821599
Remission,disease_418143002,0.0024286746644137207
Remission,disease_418304008,-0.035313948935140504
Remission,disease_418763003,-0.013839003383398548
Remission,disease_419603000,-0.0041765327886634195
Remission,disease_419893006,-0.008647537091218486
Remission,disease_420054005,-0.017983276949029986
Remission,disease_420270002,0.017815979850667282
Remission,disease_420279001,-0.012071446917203972
Remission,disease_420756003,0.004451302188610055
Remission,disease_420868002,-0.00039190590774256114
Remission,disease_421326000,-0.0041684570549739095
Remission,disease_421418009,-0.03324344063997973
Remission,disease_421468001,-0.00800038827486447
Remission,disease_421750000,0.00767498066876
Remission,disease_421893009,-0.009501387836639178
Remission,disease_421895002,0.0016501127820317493
Remission,disease_422014003,2.0481171490652824e-05
Remission,disease_422061002,-0.00964409164194022
Remission,disease_422088007,-0.016627078770136347
Remission,disease_422099009,0.010952800880221158
Remission,disease_422166005,-0.0012548195809399503
Remission,disease_422400008,-0.01701223981881019
Remission,disease_422426003,0.01673951814746144
Remission,disease_422724001,-0.0007538943371950226
Remission,disease_423125000,-0.0054317295088800125
Remission,disease_423279000,0.018155772246817737
Remission,disease_423341008,-0.009399519528833859
Remission,disease_423590009,-0.0052520600782113265
Remission,disease_423633003,0.014861196799314785
Remission,disease_423683008,-0.03376146667022669
Remission,disease_423894005,-0.0001776204845488363
Remission,disease_424175006,-0.011018409452524398
Remission,disease_424643009,-0.018729631254820817
Remission,disease_425533007,0.009030754648473794
Remission,disease_425940002,0.030609310743571927
Remission,disease_425969006,-0.009126991320224803
Remission,disease_426546008,-0.009975402105851551
Remission,disease_426590003,0.033713287735856176
Remission,disease_426749004,-0.036659199489413215
Remission,disease_426867001,-0.01718604035625086
Remission,disease_426933007,0.014179177278384792
Remission,disease_427679007,-0.007755155929775058
Remission,disease_427793007,0.03568078563510917
Remission,disease_427794001,0.054786651871022767
Remission,disease_428088000,-0.00861773408042258
Remission,disease_428097001,-0.014035650770856627
Remission,disease_428103008,0.017768186619680826
Remission,disease_428107009,-0.031817734653093975
Remission,disease_428173007,0.014202059727361466
Remission,disease_428255004,0.0007752320889760411
Remission,disease_428360003,-0.015932331548058464
Remission,disease_428724006,-0.012904065222339443
Remission,disease_428778006,-0.01649040508759278
Remission,disease_428887009,-0.022495614422896413
Remission,disease_429098002,-0.0007565958683976697
Remission,disease_429445008,0.03458386587737117
Remission,disease_429490004,0.012267145639069334
Remission,disease_429562001,0.014458828306173815
Remission,disease_429656004,0.024887274174556533
Remission,disease_429672007,-0.020146272970656236
Remission,disease_429673002,0.01999979024311704
Remission,disease_430348006,-0.003580285438314873
Remission,disease_430852001,-0.01730052826836908
Remission,disease_430909002,0.009965560103453442
Remission,disease_430985005,-0.011484478188249233
Remission,disease_431258001,-0.021269766686760807
Remission,disease_431855005,-0.013849367556554054
Remission,disease_431856006,-0.005778165047735532
Remission,disease_431857002,-0.020513836029707428
Remission,disease_432119003,-0.01217615704762736
Remission,disease_432504007,0.02556350455938726
Remission,disease_433068007,-0.020790548077094597
Remission,disease_433144002,-0.0017023406125690318
Remission,disease_433146000,0.013129409968179306
Remission,disease_433234005,0.0054286734713594725
Remission,disease_433493000,-0.0029454211487105588
Remission,disease_440059007,0.0034669514082595887
Remission,disease_441117001,0.01984299349128909
Remission,disease_441481004,0.010401474058965023
Remission,disease_441527004,-0.00013524230445498427
Remission,disease_441530006,0.017213294364580505
Remission,disease_441574008,-0.023325762715906334
Remission,disease_441630004,0.04652464023007224
Remission,disease_441722007,-0.019867717374612754
Remission,disease_441980007,-0.030146291521660436
Remission,disease_442024001,0.025133377090198594
Remission,disease_442073005,0.005772704988897856
Remission,disease_442224005,-0.004460409082817827
Remission,disease_442246002,-0.01914651752982031
Remission,disease_442348004,-0.002397095644931916
Remission,disease_442406005,0.01694263064854544
Remission,disease_442506007,0.008264770506551741
Remission,disease_442551007,0.0006064179076625065
Remission,disease_442685003,0.025672476873209046
Remission,disease_443253003,-0.00198573065428828
Remission,disease_443254009,0.0009962513920141363
Remission,disease_443343001,0.00996851210670508
Remission,disease_443344007,0.022790977915814664
Remission,disease_443482000,-0.010772200968189016
Remission,disease_443502000,-0.012332063510742446
Remission,disease_443798008,0.02944319785111012
Remission,disease_443819006,-0.0034152989695867314
Remission,disease_443820000,-0.006046746979412113
Remission,disease_444003007,-0.007733712384776486
Remission,disease_444646006,0.024291369976610532
Remission,disease_444816006,-0.0011209799244896767
Remission,disease_444818007,0.02440880688915684
Remission,disease_444863008,-0.009487439425865786
Remission,disease_444918006,-0.0024627102962525484
Remission,disease_445008009,-0.010744465335803447
Remission,disease_445157005,0.019073018992999284
Remission,disease_445213003,0.006575998379160493
Remission,disease_445332006,0.01680117961319184
Remission,disease_445355009,-0.0033748069341290234
Remission,disease_445478004,-0.009670978946919533
Remission,disease_447072005,0.0050004540965715265
Remission,disease_447109003,-0.018219372179713082
Remission,disease_447395005,0.011090892872429965
Remission,disease_447899008,-0.010319149054167365
Remission,disease_448157006,0.007760081800951945
Remission,disease_448417001,0.01732138913818739
Remission,disease_448420009,0.0010298301230707888
Remission,disease_449082003,0.006702970440323376
Remission,disease_449759005,0.009658787039591303
Remission,disease_472790001,0.0026783336041753866
Remission,disease_472819006,0.01329551526969448
Remission,disease_473021009,-0.0027274029273188657
Remission,disease_473023007,0.010462905861784423
Remission,disease_473035006,-0.005109965836082185
Remission,disease_473038008,-0.02715056808788836
Remission,disease_609382000,0.003965556719711
Remission,disease_609496007,-0.0075819563190562414
Remission,disease_609564002,0.026649632198638282
Remission,disease_609567009,-0.0008384349863312282
Remission,disease_698247007,-0.0054452218983155765
Remission,disease_698591006,-0.0015530143562372998
Remission,disease_699061004,-0.005799533118857315
Remission,disease_699062006,0.003963081390329967
Remission,disease_699699005,0.01578397147219285
Remission,disease_700010002,-0.01448576489325631
Remission,disease_700046006,0.033817891496156174
Remission,disease_700272008,0.013932938048987325
Remission,disease_700378005,0.0012027863137584079
Remission,disease_703320000,-0.013424369149227493
Remission,disease_703938007,-0.014955035504234401
Remission,disease_705128004,0.021980519619899667
Remission,disease_707251008,-0.03558809167167646
Remission,disease_707323002,-0.004058748778166401
Remission,disease_707444001,-0.00581568130357599
Remission,disease_707511009,0.0029071737340370103
Remission,disease_707512002,0.005160581705619205
Remission,disease_707513007,-0.015398489118468757
Remission,disease_708038006,-0.0058128995211002765
Remission,disease_708093000,-0.016723741651302197
Remission,disease_708094006,0.01496266410229833
Remission,disease_708121009,-0.029950039703834294
Remission,disease_709044004,-0.011245559448735528
Remission,disease_709111008,0.008208809141348946
Remission,disease_709517003,0.021634564955808008
Remission,disease_710572000,-0.0005764678586075027
Remission,disease_712819000,0.01216508188990401
Remission,disease_712883005,-0.01829342938350555
Remission,disease_713706002,-0.005873157562615091
Remission,disease_715852004,-0.018667978880759255
Remission,disease_718053009,-0.014086101600683881
Remission,disease_719848005,-0.01963121118284412
Remission,disease_721267000,-0.011200368502254107
Remission,disease_721287004,0.027237992874892605
Remission,disease_721551005,-0.02169982011823418
Remission,disease_721703004,0.0079045840836556
Remission,disease_722223000,-0.0027869369033369897
Remission,disease_722855007,0.0012715417256827098
Remission,disease_723171001,-0.020026375659959704
Remission,disease_724440007,-0.009160021453126313
Remission,disease_724484007,0.023404160235655336
Remission,disease_724556004,-0.006169023287470647
Remission,disease_733858005,0.006596482215943564
Remission,disease_736499003,-0.000737309982370199
Remission,disease_736640009,0.0021168831624666326
Remission,disease_737303004,0.0022064928814625744
Remission,disease_739681000,0.030524426124090922
Remission,disease_765205004,0.005665919356604003
Remission,disease_765330003,-0.014526149648712829
Remission,disease_767543001,0.0035225627710133408
Remission,disease_767657005,0.02841210026894846
Remission,disease_781067001,-0.023068430243334256
Remission,disease_782501005,-0.019188169005615586
Remission,disease_786457000,0.0178201286982958
Remission,disease_786878009,-0.006236806388128596
Remission,disease_789758005,-0.03421494097180121
Remission,disease_838283002,-0.007366397031704337
Remission,disease_840539006,-0.01910136700262696
Remission,disease_860914002,-0.010593511368032764
Remission,disease_171000119107,0.005025977887118921
Remission,disease_361000119103,-0.01528516945137939
Remission,disease_381000119107,0.01932396199126842
Remission,disease_651000119108,-0.029743195341504332
Remission,disease_771000119108,0.0022534629448705103
Remission,disease_1001000119102,0.014271387345434646
Remission,disease_1171000119108,-0.017434982212528587
Remission,disease_1461000119109,0.012053840415299505
Remission,disease_1471000119103,-0.023934861697892686
Remission,disease_1501000119109,-0.025744771355161383
Remission,disease_1521000119100,0.021141448209978667
Remission,disease_1751000119100,0.006912546417826126
Remission,disease_2611000119103,0.011483671091388214
Remission,disease_8501000119104,0.004512850832618271
Remission,disease_13091000119107,0.0005131950704776765
Remission,disease_33041000119105,-0.018746156029498254
Remission,disease_36241000119108,0.01434228188015123
Remission,disease_77471000119103,-0.017177912293556537
Remission,disease_94921000119107,0.006486309616709844
Remission,disease_96711000119105,0.005186550053415504
Remission,disease_97331000119101,-0.007974739129154775
Remission,disease_104931000119100,-0.016150353356348863
Remission,disease_120731000119103,-0.005484710171812375
Remission,disease_122681000119108,0.0024845092620041586
Remission,disease_124171000119105,-0.033418306048191126
Remission,disease_129161000119100,-0.011042857150978304
Remission,disease_132321000119103,-0.021352127670932513
Remission,disease_132591000119109,-0.030648847044753857
Remission,disease_132721000119104,0.018458076311447764
Remission,disease_135171000119106,-0.04004063938934819
Remission,disease_138911000119106,-0.023832327970995226
Remission,disease_147211000119101,0.00895279540043215
Remission,disease_153941000119100,0.003787586567379943
Remission,disease_153951000119103,-0.0220153269753429
Remission,disease_291571000119106,-0.02028412493957047
Remission,disease_293241000119100,0.0038892092801796766
Remission,disease_301971000119109,-0.00517472555434813
Remission,disease_319841000119107,-0.02205441323039466
Remission,disease_321171000119102,-0.029303832984522955
Remission,disease_328301000119102,-0.014067137529114251
Remission,disease_341921000119102,-0.007212882939038527
Remission,disease_350821000119101,-0.015976156749550337
Remission,disease_366941000119107,0.026612599345112287
Remission,disease_367991000119101,0.01631736941086166
Remission,disease_368051000119109,0.0011670954544289068
Remission,disease_451041000124103,-0.009556024265187571
Remission,disease_1036671000000106,-0.009105003931199784
Remission,disease_1079821000119106,0.00453217207585237
Remission,disease_1082601000119104,-0.031130954954678946
Remission,disease_1085911000119103,0.0383497274267752
Remission,disease_1085991000119107,-0.0016020906913601625
Remission,disease_1086601000119100,0.005975683691817199
Remission,disease_1089981000119106,0.006727207198359553
Remission,disease_10633351000119109,-0.018472882638428646
Remission,disease_10633391000119104,0.008421588896200557
Remission,disease_10672271000119100,0.043176519667916864
Remission,disease_10685111000119102,-0.014967346570017947
Remission,disease_10708511000119108,0.039920859826012234
Remission,disease_10741751000119100,0.0029559794458190987
Remission,disease_10743881000119104,-0.03227360178403607
Remission,disease_10750551000119100,-0.007043418120536327
Remission,disease_10756101000119107,0.005563360277894324
Remission,disease_15960061000119102,-0.009089332981239599
Remission,disease_15960141000119102,0.022506731931000407
Remission,SN,-0.00857602157511433
Remission,SR,-0.038422243788357575
Remission,DN,-0.017261082829395258
Remission,DR,0.0027613262056495123
Remission,num_episodes,-0.006743833934648803
Remission,num_remissions,0.013923035874139355
Remission,num_antidepressants,-0.0030728999130425413
Remission,epi_2p,-0.0006239810224801893
Remission,rem_2p,-0.00800302360203894
Remission,adep_23,-0.00019661858954007682
Remission,adep_4p,-0.031430666843514365
